{
  "color-primary-100": "#D6E4FF",
  "color-primary-200": "#ADC8FF",
  "color-primary-300": "#84A9FF",
  "color-primary-400": "#6690FF",
  "color-primary-500": "#3366FF",
  "color-primary-600": "#254EDB",
  "color-primary-700": "#1939B7",
  "color-primary-800": "#102693",
  "color-primary-900": "#091A7A",
  "color-success-100": "#EFFDD6",
  "color-success-200": "#DBFBAD",
  "color-success-300": "#BEF483",
  "color-success-400": "#A2E962",
  "color-success-500": "#78DB32",
  "color-success-600": "#5ABC24",
  "color-success-700": "#409D19",
  "color-success-800": "#2A7F0F",
  "color-success-900": "#1B6909",
  "color-info-100": "#D9FFFC",
  "color-info-200": "#B4FEFF",
  "color-info-300": "#8EF6FF",
  "color-info-400": "#72EAFF",
  "color-info-500": "#44D6FF",
  "color-info-600": "#31A9DB",
  "color-info-700": "#2281B7",
  "color-info-800": "#155C93",
  "color-info-900": "#0D427A",
  "color-warning-100": "#FFFCCD",
  "color-warning-200": "#FFF89B",
  "color-warning-300": "#FFF369",
  "color-warning-400": "#FFEE43",
  "color-warning-500": "#FFE605",
  "color-warning-600": "#DBC303",
  "color-warning-700": "#B7A102",
  "color-warning-800": "#938001",
  "color-warning-900": "#7A6900",
  "color-danger-100": "#FFEBD3",
  "color-danger-200": "#FFD0A6",
  "color-danger-300": "#FFB07A",
  "color-danger-400": "#FF9159",
  "color-danger-500": "#FF5E23",
  "color-danger-600": "#DB4019",
  "color-danger-700": "#B72711",
  "color-danger-800": "#93130B",
  "color-danger-900": "#7A0607"
}